grupobsinversiones@gmail.com|Martha19t

raulzinhoarroio123@gmail.com|27062005

hopinsmeina@fastweb.it|nI_0I07@u

attusac|@lejandrA89

contabilidada5estudio@gmail.com|maferteamo

asiak.start@gmail.com|Soulriver27

director.gerente@fabcom.com.pe|987646262Jean

grupobsinversiones@gmail.com|Martha1l.

attusac@gmail.com|@lejandrA89y

grupobsinversiones@gmail.com|Martha197.

grupobsinversiones@gmail.com|Martha1974.t

grupobsinversiones@gmail.com|Martha19

ron@doubletentertaninment.com|warreng

galvarez@nanking.com.co|Gerardo.9498

attusac@gmail.com|@lejandrA89

contato@azsolucoeseletricas.com.br|AZlt@2225

grupobsinversiones@gmail.com|Martha19j

jorge.pavon@ocipag.com|OCIPAG2023workover

gerencia@global-trading.cl|Vale1075

grupobsinversiones@gmail.com|Martha19jn

grupobsinversiones@gmail.com|Martha2085

alexisfu90@gmail.com|@lejandrA89q

LILIMOSTRICA@GMAIL.COM|D4nn4sm4ll

haziqkl6665@gmail.com|Haziqpoli18

edu19190@gmail.com|42706724

grupobsinversiones@gmail.com|Martha197

gerencia@servisegpuq.cl|Milu2022

mbrittOnnnn@protonmail.com|Rob4373ert1

kevinoxxd@gmail.com|Knoxus11#03

grupobsinversiones@gmail.com|Martha19j.

contacto@seaelec.net|Sea1948201

tefa24@outlook.es|maferteamo

deb33ergur@telefonica.net|3LL0!m

alexisfu90@gmail.com|@lejandrA89y

contabilidada5estudio@gmail.com|A5estudio5

grupobsinversiones@gmail.com|Martha1974

contabilidada5estudio|A5estudio5

kaluznackassma@sfr.fr|NepELit

grupobsinversiones@gmail.com|Martha197i

contato@azsolucoeseletricas.com.br|alisson1901

grupobsinversiones@gmail.com|Marthal

gabriel@movellog.com.br|Biel380762!

attusac@gmail.com|@lejandrA89w

hespinoza.ecpa@gmail.com|Latam2022

haroldgc@1und1.de|hni6@_@_wob

Alexisfu90@gmail.com|@lejandrA89

grupobsinversiones@gmail.com|Marthat

988747476|42706724

contacto@seaelec.net|sea0918890

angel.rojas@ormingenieria.cl|Chancho1

joh79231nnesfi@hotmail.fr|EmMa1612

grupobsinversiones@gmail.com|Martha197i.

alexisfu90@gmail.com|@lejandrA89r

josesaensdia@gmail.com|1105685803

grupobsinversiones@gmail.com|Martha1l

400053986@student.albeda.nl|Cesar0101

marcia@esparzayvega.cl|Maeb1659

Alexisfu90@gmail.com|lejandrA89

contatobr|alisson1901

grupobsinversiones|Martha1974

alexisfu90@gmail.com|@lejandrA89w

kevinoxxd@gmail.com|Knoxus#11

grupobsinversiones@gmail.com|Martha1.

contacto@seaelec.net|Sea6798766

owenskristycjx@live.fr|crow2000

grupobsinversiones@gmail.com|Martha1t

financeiro@proesc.com|Proesc@2022

attusac@gmail.com|lejandrA89

attusac@gmail.com|@lejandrA89r

alissonmoraisrn1@gmail.com|alisson1901

gerencia@servisegpuq.cl|Milu2022@

gerencia@servisegpuq.cl|Milu8988@

grupobsinversiones@gmail.com|Martha

attusac@gmail.com|@lejandrA89e

grupobsinversiones@gmail.com|Martha.

attusac@gmail.com|recouctor

AVALDES@DEPRAGA.CL|CDP399je

gerencia|Milu2022@

attusac@gmail.com|@lejandrA89q

grupobsinversiones@gmail.com|Martha1

edu19190|Edwin123

casuallyzlafl@bbox.fr|P91276a

grupobsinversiones@gmail.com|Martha197t

LGONZALEZ@ENECO-IC.COM|Enecosas1

UTIVERBE|recouctor

F.OSPINO@TOWERONEWIRELESS.COM|900927545Tower

kevinoxxd|Knoxus11#03

gerencia@servisegpuq.cl|Milu8988

gabriel@movellog.com.br|biel380762

edu19190@gmail.com|Edwin123

